atom,G16_CCSD_lowspin,G16_CCSD_highspin,G16_HF_lowspin,G16_HF_highspin,pyscf_CCSD_highspin,pyscf_HF_highspin
1,-,-0.49980983223,-,-0.499809832232,-0.499809832,-0.499809832
5,-,-24.59659241,-,-24.53233277,-24.6124124,-24.53233277
6,-37.72263481,-37.77899931,-37.6032179,-37.69247883,-37.79585793,-37.69247883
7,-54.40703572,-54.51367886,-54.26610307,-54.40274688,-54.53153934,-54.40274688
8,-74.88518563,-74.97389968,-74.68804665,-74.81562509,-74.99222915,-74.81562509
9,-,-99.62162264,-,-99.4117985,-99.64049904,-99.4117985