atom,G16_CCSD_lowspin,G16_CCSD_highspin,G16_HF_lowspin,G16_HF_highspin
5,-,-24.59659241,-,-24.53233277
6,-37.72263481,-37.77899931,-37.6032179,-37.69247883
7,-54.40703572,-54.51367886,-54.26610307,-54.40274688
8,-74.88518563,-74.97389968,-74.68804665,-74.81562509